step,loss,elapsed_seconds
1,6.560514450073242,0.024460999993607402
2,6.474693298339844,0.045226600021123886
3,6.408331871032715,0.06673319998662919
4,6.3729634284973145,0.08767570002237335
5,6.333189487457275,0.1078603999922052
6,6.294339179992676,0.1316390000283718
7,6.264343738555908,0.1529566000099294
8,6.227015495300293,0.17342240002471954
9,6.184847354888916,0.19379599997773767
10,6.137899875640869,0.21327030000975356
11,6.11523962020874,0.23315699998056516
12,6.088204383850098,0.25741459999699146
13,6.038508415222168,0.2775103999883868
14,5.993373394012451,0.2980960999848321
15,5.992147922515869,0.3199703000136651
16,5.948026180267334,0.3406445999862626
17,5.895181179046631,0.35976469999877736
18,5.859742641448975,0.38075220002792776
19,5.870473861694336,0.40142670000204816
20,5.772617816925049,0.4218016000231728
21,5.760400295257568,0.4418098999885842
22,5.724053382873535,0.46316089999163523
23,5.7012505531311035,0.4830526000005193
24,5.642266750335693,0.5021060000290163
25,5.6281328201293945,0.5216766999801621
26,5.5779805183410645,0.5408786000334658
27,5.530529499053955,0.5603142000036314
28,5.521886348724365,0.5793204000219703
29,5.4661712646484375,0.5985943999839947
30,5.433858871459961,0.6188912999932654
31,5.4145355224609375,0.6380243999883533
32,5.352726459503174,0.6582724000327289
33,5.332374095916748,0.6815899999928661
34,5.343234062194824,0.7033885000273585
35,5.307907581329346,0.7272653999971226
36,5.248003959655762,0.7500979999895208
37,5.203813552856445,0.7750435000052676
38,5.159323215484619,0.7985892000142485
39,5.14287805557251,0.820181599992793
40,5.101240634918213,0.8408376000006683
41,5.088192462921143,0.8603438999853097
42,5.045120716094971,0.8810163000016473
43,4.98150634765625,0.9029484000056982
44,4.974700927734375,0.9229778000153601
45,4.96086311340332,0.9444395999889821
46,4.945161819458008,0.9646328000235371
47,4.878601551055908,0.9840360999805853
48,4.858687400817871,1.0048202000325546
49,4.81588888168335,1.0253612999804318
50,4.792803764343262,1.0450997999869287
51,4.754384994506836,1.0650899999891408
52,4.707505702972412,1.0860150000080466
53,4.697092056274414,1.1089294999837875
54,4.640221118927002,1.1309382999897934
55,4.633812427520752,1.1514351000078022
56,4.581380367279053,1.1720024999813177
57,4.558836460113525,1.1926664999919012
58,4.512552261352539,1.213561500015203
59,4.525679588317871,1.2342059999937192
60,4.525068283081055,1.2542985000181943
61,4.455409526824951,1.276189299998805
62,4.417665481567383,1.296693000011146
63,4.411031246185303,1.3207046000170521
64,4.377941131591797,1.3413694000337273
65,4.303072452545166,1.3633808000013232
66,4.294126033782959,1.3821003999910317
67,4.2575297355651855,1.4033694000099786
68,4.2100629806518555,1.4224175999988802
69,4.243256568908691,1.4424291999894194
70,4.242694854736328,1.4615856999880634
71,4.1502227783203125,1.4820258999825455
72,4.136821746826172,1.5029186999890953
73,4.103469371795654,1.5250047000008635
74,4.08259391784668,1.5453865000163205
75,4.060547828674316,1.5658720000064932
76,4.017880916595459,1.5863454000209458
77,4.0143256187438965,1.606242400011979
78,3.9478960037231445,1.6277961999876425
79,3.964963912963867,1.648493500018958
80,3.8914926052093506,1.6692741999868304
81,3.905496597290039,1.6897310999920592
82,3.870675802230835,1.7105405000038445
83,3.827920436859131,1.7329137999913655
84,3.811995506286621,1.7549400000134483
85,3.8323748111724854,1.7759695000131615
86,3.804734706878662,1.7969602000084706
87,3.7096569538116455,1.818272500007879
88,3.72774338722229,1.8380560000077821
89,3.680062770843506,1.8584585000062361
90,3.655744791030884,1.8796678999788128
91,3.5991287231445312,1.8988260999904014
92,3.602475881576538,1.917294299986679
93,3.598421096801758,1.936834699998144
94,3.5724215507507324,1.9611699000233784
95,3.543221950531006,1.983568700030446
96,3.5643551349639893,2.0055695000337437
97,3.507938861846924,2.027109200018458
98,3.441145896911621,2.051131699990947
99,3.4160470962524414,2.0792892000172287
100,3.4144885540008545,2.130374500004109
101,3.3558828830718994,2.1564373000292107
102,3.330054759979248,2.1837350000278093
103,3.408087968826294,2.2098076000111178
104,3.2699904441833496,2.2350319999968633
105,3.3360049724578857,2.2593499000067823
106,3.292881727218628,2.2825339999981225
107,3.2420194149017334,2.3077060999930836
108,3.206608533859253,2.332214299996849
109,3.170104503631592,2.357313000014983
110,3.1761245727539062,2.381185300007928
111,3.1486072540283203,2.4039175999932922
112,3.0749359130859375,2.4257226000190713
113,3.0489046573638916,2.4468837000313215
114,3.090228319168091,2.467867000028491
115,3.0356476306915283,2.4880406000302173
116,2.9988481998443604,2.507389599981252
117,3.0245580673217773,2.528135700034909
118,2.940735101699829,2.5491950000287034
119,3.0508008003234863,2.571014399989508
120,3.011178970336914,2.5936636999831535
121,2.9134068489074707,2.620259299990721
122,2.870684862136841,2.6530669000349008
123,2.8903794288635254,2.680507300014142
124,2.861595869064331,2.7063217000104487
125,2.8112523555755615,2.73182290000841
126,2.776958465576172,2.7566648999927565
127,2.748826503753662,2.7827430000179447
128,2.7521584033966064,2.80697410000721
129,2.7227025032043457,2.828356000012718
130,2.7479710578918457,2.853872000006959
131,2.6918885707855225,2.8749303999939
132,2.645618200302124,2.8966757000307553
133,2.6520400047302246,2.9172094999812543
134,2.6304056644439697,2.937104700016789
135,2.616753101348877,2.959600900008809
136,2.628606081008911,2.9811379000311717
137,2.5699474811553955,3.0030112999957055
138,2.6129162311553955,3.0248227000120096
139,2.4860856533050537,3.044821100018453
140,2.5590193271636963,3.069120700005442
141,2.450861692428589,3.090243600017857
142,2.487827777862549,3.1110136000206694
143,2.453294038772583,3.1313280999893323
144,2.419572353363037,3.1530828999821097
145,2.4170618057250977,3.1742148000048473
146,2.3620738983154297,3.194622299983166
147,2.382213592529297,3.2163082000333816
148,2.367119312286377,3.2372169999871403
149,2.342172145843506,3.25749430002179
150,2.289419174194336,3.281060900015291
151,2.2771334648132324,3.3023777999915183
152,2.3237712383270264,3.3216114999959245
153,2.224529504776001,3.342160200001672
154,2.2337710857391357,3.362928099988494
155,2.2721633911132812,3.3829208000097424
156,2.178133249282837,3.4027816000161693
157,2.156621217727661,3.4216389000066556
158,2.2314748764038086,3.442536899994593
159,2.095700263977051,3.4632918999996036
160,2.1385295391082764,3.4858369000139646
161,2.0711498260498047,3.506161900004372
162,2.102365255355835,3.5279680999810807
163,2.0288355350494385,3.5472833000239916
164,2.0544419288635254,3.5672933000023477
165,2.000323534011841,3.5865891000139527
166,2.001472234725952,3.606410100008361
167,2.0390164852142334,3.6255807999987155
168,1.9788826704025269,3.645471700001508
169,1.9953773021697998,3.6648781999829225
170,1.9780105352401733,3.68548909999663
171,1.9065918922424316,3.710010599985253
172,1.9309927225112915,3.7310872999951243
173,1.90682852268219,3.7494084000354633
174,1.8560490608215332,3.7704500000108965
175,1.8282042741775513,3.7906814999878407
176,1.8144720792770386,3.8104304000153206
177,1.8707201480865479,3.828209200000856
178,1.8342055082321167,3.845961000013631
179,1.8086416721343994,3.866546400007792
180,1.7121663093566895,3.8874142999993637
181,1.7590371370315552,3.906575300032273
182,1.7573922872543335,3.9294497999944724
183,1.7835369110107422,3.949515699991025
184,1.6957833766937256,3.969526000029873
185,1.7249950170516968,3.9904357999912463
186,1.6700228452682495,4.011861799983308
187,1.7012966871261597,4.029289800033439
188,1.7350715398788452,4.048277100024279
189,1.6815756559371948,4.06947400001809
190,1.6752243041992188,4.090770400012843
191,1.6039226055145264,4.110811799997464
192,1.630642294883728,4.131587899988517
193,1.5736472606658936,4.15469649998704
194,1.5997376441955566,4.175794799986761
195,1.5688217878341675,4.197352299990598
196,1.5247533321380615,4.213331600010861
197,1.5328980684280396,4.229006899986416
198,1.5142377614974976,4.2475317000062205
199,1.4849063158035278,4.267733499989845
200,1.4734065532684326,4.287873900029808
201,1.5086588859558105,4.307573700032663
202,1.4931098222732544,4.3272755999933
203,1.4179489612579346,4.347915099991951
204,1.4104853868484497,4.370295400032774
205,1.37558114528656,4.38895870000124
206,1.4063035249710083,4.410352099977899
207,1.4045485258102417,4.430756399990059
208,1.3696911334991455,4.451232000021264
209,1.331638216972351,4.47190549998777
210,1.303301215171814,4.491543299984187
211,1.3276879787445068,4.510938799998257
212,1.3194884061813354,4.528230900003109
213,1.3081750869750977,4.547054600028787
214,1.297221302986145,4.568035900010727
215,1.2648155689239502,4.589280200016219
216,1.2599730491638184,4.607638699992094
217,1.256636381149292,4.627551099983975
218,1.2068209648132324,4.647696900006849
219,1.2187336683273315,4.664001600001939
220,1.1805126667022705,4.684661899984349
221,1.1913673877716064,4.704807700007223
222,1.1823104619979858,4.72502730000997
223,1.1753453016281128,4.7448309999890625
224,1.1553374528884888,4.766547899984289
225,1.1257638931274414,4.7874407999916
226,1.12798273563385,4.8108493000036106
227,1.1684045791625977,4.833699000009801
228,1.185522198677063,4.855581899988465
229,1.1348713636398315,4.87684470001841
230,1.084435224533081,4.898899500025436
231,1.0744857788085938,4.921289700025227
232,1.0787913799285889,4.944604600023013
233,1.0558184385299683,4.96698369999649
234,1.029278039932251,4.98887649999233
235,1.05601167678833,5.01097010000376
236,1.067780613899231,5.03610219998518
237,1.0661587715148926,5.058410700003151
238,0.9823196530342102,5.0830979000311345
239,0.9765224456787109,5.105064800009131
240,1.019960880279541,5.125617699988652
241,0.9676957726478577,5.147593300032895
242,0.9861860871315002,5.169744400016498
243,0.9500058889389038,5.1905610000249
244,0.9782668948173523,5.210982899996452
245,0.9343135356903076,5.232449600007385
246,0.9098790287971497,5.257321999990381
247,0.9342451095581055,5.280356200004462
248,0.9426572918891907,5.303338600031566
249,0.9759246706962585,5.324579200008884
250,0.8465451002120972,5.346822099993005
251,0.8637121915817261,5.369054700015113
252,0.8968330025672913,5.390942600031849
253,0.8537326455116272,5.411996499984525
254,0.8893978595733643,5.433984400006011
255,0.8293624520301819,5.455010200035758
256,0.8488224148750305,5.479677500028629
257,0.8143346905708313,5.50083660002565
258,0.8286296129226685,5.523112800030503
259,0.7818827033042908,5.543134599982295
260,0.7848068475723267,5.562089400016703
261,0.821739137172699,5.5816695999819785
262,0.7976754307746887,5.602965400030371
263,0.7523254752159119,5.624887700018007
264,0.772554337978363,5.645457300008275
265,0.7289420962333679,5.665156400005799
266,0.7647275924682617,5.688618200016208
267,0.7819207906723022,5.709864100033883
268,0.7467181086540222,5.729849900002591
269,0.727715015411377,5.749340299982578
270,0.772980272769928,5.7707064999849536
271,0.6927802562713623,5.791024599981029
272,0.6937350630760193,5.8088433999801055
273,0.7068272233009338,5.826709099987056
274,0.7067798972129822,5.84757849999005
275,0.7057861089706421,5.867846900015138
276,0.664537787437439,5.889031600032467
277,0.6711722612380981,5.912272199988365
278,0.6924330592155457,5.932831800018903
279,0.6710078716278076,5.952329499996267
280,0.6369369029998779,5.973241800034884
281,0.6483216881752014,5.992761100002099
282,0.6493016481399536,6.011691200023051
283,0.6420134902000427,6.0311620000284165
284,0.643179178237915,6.050623400020413
285,0.5788034200668335,6.0710857000085525
286,0.6153737306594849,6.091402499994729
287,0.5611209273338318,6.114308600022923
288,0.6023277640342712,6.136092800006736
289,0.6083572506904602,6.156297700013965
290,0.5650746822357178,6.176381200028118
291,0.5806316137313843,6.1964655999909155
292,0.5808619260787964,6.216527600015979
293,0.5530862212181091,6.235683400009293
294,0.5927204489707947,6.254928399983328
295,0.5655323266983032,6.274633100023493
296,0.5221007466316223,6.294949300005101
297,0.5219690799713135,6.315808699990157
298,0.5857602953910828,6.338684700021986
299,0.5557631254196167,6.3598942999960855
300,0.4864133298397064,6.381343999993987
301,0.517038106918335,6.40201399999205
302,0.4902060925960541,6.4220393000287
303,0.5263356566429138,6.443887799978256
304,0.5148169994354248,6.463340400019661
305,0.4974972903728485,6.480117800005246
306,0.4614277780056,6.498808300006203
307,0.4628645181655884,6.519142900011502
308,0.49645116925239563,6.539014199981466
309,0.463833212852478,6.559288699994795
310,0.4753115475177765,6.578775300004054
311,0.4862654507160187,6.598312799993437
312,0.46231746673583984,6.618663500004914
313,0.41858771443367004,6.637713900010567
314,0.4353267252445221,6.656997399986722
315,0.42364710569381714,6.677887300029397
316,0.463365375995636,6.69837490003556
317,0.46729254722595215,6.718226900033187
318,0.4413623511791229,6.740082399977837
319,0.4412173330783844,6.7594014999922365
320,0.39470016956329346,6.78293460002169
321,0.4104737937450409,6.803253800026141
322,0.4221695363521576,6.823558799980674
323,0.41375264525413513,6.843158899981063
324,0.40234601497650146,6.864151399990078
325,0.4288633465766907,6.881012000027113
326,0.40019357204437256,6.901965300028678
327,0.4067767560482025,6.9211673000245355
328,0.374406635761261,6.9414502999861725
329,0.36865144968032837,6.960327500011772
330,0.4140777885913849,6.980316000001039
331,0.3758678138256073,7.00300490000518
332,0.3780071437358856,7.023230299993884
333,0.3874328136444092,7.042598000029102
334,0.36147385835647583,7.063310800003819
335,0.377337783575058,7.085432099993341
336,0.3493797481060028,7.107173500000499
337,0.33693888783454895,7.128166200011037
338,0.3701721727848053,7.14839019998908
339,0.3525986969470978,7.169318000029307
340,0.3485216498374939,7.18962040002225
341,0.3637099266052246,7.2126385000301525
342,0.3589363396167755,7.234126700030174
343,0.33489683270454407,7.2571720000123605
344,0.3330349922180176,7.277624999987893
345,0.3403848111629486,7.297601800004486
346,0.33446207642555237,7.31837330001872
347,0.3060091733932495,7.334218100004364
348,0.33644112944602966,7.354425500030629
349,0.3234529495239258,7.374073299986776
350,0.33832067251205444,7.394878900027834
351,0.33985665440559387,7.414599800016731
352,0.3147309124469757,7.437713299994357
353,0.3152986168861389,7.458468600001652
354,0.30406105518341064,7.478014499996789
355,0.29319146275520325,7.497922300011851
356,0.3246966004371643,7.518710699980147
357,0.29257825016975403,7.5391837999923155
358,0.32012253999710083,7.559010900033172
359,0.28537899255752563,7.579065400001127
360,0.30666226148605347,7.600987999991048
361,0.28438106179237366,7.621665299986489
362,0.2848835587501526,7.645169000024907
363,0.30282697081565857,7.666225599998143
364,0.307609498500824,7.68695810000645
365,0.2654059827327728,7.707662200031336
366,0.25777357816696167,7.72935849998612
367,0.2703458070755005,7.749234999995679
368,0.26581335067749023,7.770401699992362
369,0.27927783131599426,7.787333599990234
370,0.2482498735189438,7.809340699983295
371,0.2628330588340759,7.82974880002439
372,0.25431638956069946,7.853685099980794
373,0.27266281843185425,7.875032100011595
374,0.25620678067207336,7.896450400003232
375,0.24996963143348694,7.91656330000842
376,0.265558660030365,7.9351120999781415
377,0.27020904421806335,7.953794300032314
378,0.25263190269470215,7.973138600005768
379,0.2400016486644745,7.992421000031754
380,0.25187060236930847,8.012103800021578
381,0.2291460931301117,8.030569199996535
382,0.2506312131881714,8.050648899981752
383,0.23898327350616455,8.072310900024604
384,0.28618690371513367,8.092753100034315
385,0.253197580575943,8.112914600002114
386,0.22324316203594208,8.13369570003124
387,0.2152961641550064,8.154374100035056
388,0.24956610798835754,8.175004500022624
389,0.23271262645721436,8.19483280001441
390,0.23627705872058868,8.215986900031567
391,0.22402653098106384,8.236479100014549
392,0.2416117936372757,8.256441299978178
393,0.23532190918922424,8.278691300016362
394,0.23662608861923218,8.300191499991342
395,0.23943974077701569,8.320588000002317
396,0.23743167519569397,8.34014909999678
397,0.2295909970998764,8.359355800028425
398,0.22634781897068024,8.380463299981784
399,0.2379550039768219,8.400743799982592
400,0.20764417946338654,8.420098799979314
401,0.24119563400745392,8.44192449998809
402,0.21286556124687195,8.462576600024477
403,0.22413156926631927,8.485928800015245
404,0.20986054837703705,8.50812070001848
405,0.20574025809764862,8.529702500032727
406,0.1963195651769638,8.547350800014101
407,0.21012750267982483,8.566625599982217
408,0.21093682944774628,8.586918600019999
409,0.2122684121131897,8.606835299986415
410,0.19833649694919586,8.626512699993327
411,0.1980624794960022,8.647653300024103
412,0.2034129947423935,8.668033900030423
413,0.20077092945575714,8.69016559998272
414,0.19025664031505585,8.71176039997954
415,0.1992746889591217,8.731208399985917
416,0.19343239068984985,8.751628099998925
417,0.1980157345533371,8.773421599995345
418,0.19087325036525726,8.79429849999724
419,0.2026841640472412,8.814829399983864
420,0.17413407564163208,8.836008600017522
421,0.2044568955898285,8.856990900007077
422,0.19503837823867798,8.878332699998282
423,0.2020861804485321,8.900749300024472
424,0.19637203216552734,8.920623500016518
425,0.19173377752304077,8.941399600007571
426,0.18260492384433746,8.962064500025008
427,0.19105684757232666,8.98191690002568
428,0.19602179527282715,9.001588899991475
429,0.17942866683006287,9.021336900012102
430,0.18380020558834076,9.040936100005638
431,0.18473593890666962,9.059808799996972
432,0.19486194849014282,9.078821400005836
433,0.19877971708774567,9.100255800003652
434,0.19269312918186188,9.12271480000345
435,0.1654893308877945,9.144874999998137
436,0.19841675460338593,9.165565599978436
437,0.18873737752437592,9.185312099987641
438,0.17671769857406616,9.206365299993195
439,0.17625780403614044,9.227747400000226
440,0.188568115234375,9.248764000018127
441,0.17977437376976013,9.270011299988255
442,0.1776248663663864,9.290802100033034
443,0.16670677065849304,9.312199099978898
444,0.17275550961494446,9.336233799986076
445,0.1866343766450882,9.357471900002565
446,0.17012089490890503,9.378106000018306
447,0.1849500983953476,9.39916249999078
448,0.17485038936138153,9.42042759998003
449,0.16530071198940277,9.441429700003937
450,0.1622956395149231,9.458268299989868
451,0.1706530898809433,9.478582800016738
452,0.17579980194568634,9.498606499982998
453,0.15999044477939606,9.518594600027427
454,0.17517562210559845,9.539051999978255
455,0.16700777411460876,9.562142200011294
456,0.17373892664909363,9.584518000017852
457,0.15110091865062714,9.604009500006214
458,0.15861253440380096,9.623385199985933
459,0.18312710523605347,9.643092899990734
460,0.15346096456050873,9.663872800010722
461,0.14717507362365723,9.683971300022677
462,0.16533194482326508,9.704174300015438
463,0.15865227580070496,9.725028800021391
464,0.1482209414243698,9.74340650002705
465,0.162508025765419,9.762663600035012
466,0.1387496292591095,9.786607799993362
467,0.1536487191915512,9.806566899991594
468,0.1484537571668625,9.823724700021558
469,0.15426300466060638,9.842744400026277
470,0.150102436542511,9.865088900027331
471,0.16119445860385895,9.88685050001368
472,0.13612082600593567,9.906298600020818
473,0.14722655713558197,9.92656380002154
474,0.16087141633033752,9.946325700031593
475,0.15469612181186676,9.965953700011596
476,0.14401310682296753,9.98591759998817
477,0.14123304188251495,10.009834200027399
478,0.1468237340450287,10.030780899978708
479,0.13862408697605133,10.052683399990201
480,0.1411678045988083,10.073922900017351
481,0.14039605855941772,10.094357800029684
482,0.14123030006885529,10.11414150003111
483,0.13285446166992188,10.135407000023406
484,0.13763970136642456,10.155848500027787
485,0.13751836121082306,10.17638530000113
486,0.14086319506168365,10.196331400016788
487,0.13793319463729858,10.218155500013381
488,0.14368976652622223,10.238830799993593
489,0.1614120453596115,10.259916900016833
490,0.13379858434200287,10.281436100020073
491,0.12582889199256897,10.302042299997993
492,0.13961826264858246,10.322153999994043
493,0.13163462281227112,10.342212199990172
494,0.14019082486629486,10.363320100004785
495,0.13994725048542023,10.383265700016636
496,0.1516888588666916,10.403298199991696
497,0.1345186084508896,10.426760100002866
498,0.14899137616157532,10.446226300031412
499,0.13065439462661743,10.462792399979662
500,0.14607737958431244,10.48051820002729
501,0.13099567592144012,10.500199500005692
502,0.12389202415943146,10.521317199978512
503,0.13018563389778137,10.542086600034963
504,0.1430424600839615,10.56243320001522
505,0.13435187935829163,10.58481380000012
506,0.12957477569580078,10.605747300025541
507,0.13115811347961426,10.626310100022238
508,0.13229037821292877,10.649909400031902
509,0.14492395520210266,10.671987299981993
510,0.13396883010864258,10.693012300005648
511,0.11485197395086288,10.712714200024493
512,0.12452718615531921,10.732757500023581
513,0.1277964562177658,10.75303740001982
514,0.12826834619045258,10.774707700009458
515,0.12549199163913727,10.794176499999594
516,0.12725414335727692,10.814118799986318
517,0.11925454437732697,10.835802800022066
518,0.12697820365428925,10.856125799997244
519,0.11945267766714096,10.876482399995439
520,0.12133962661027908,10.898488000035286
521,0.11373286694288254,10.916162399982568
522,0.13029934465885162,10.936222499993164
523,0.1495516300201416,10.956447000033222
524,0.11584819853305817,10.978509599983227
525,0.13027527928352356,10.9993404999841
526,0.12060930579900742,11.020719600026496
527,0.11050376296043396,11.039442399982363
528,0.12164875119924545,11.059166499995627
529,0.11772432178258896,11.079117999994196
530,0.1155533567070961,11.099698700010777
531,0.11950016766786575,11.119370500033256
532,0.11691984534263611,11.139676899998449
533,0.11004883795976639,11.161545799986925
534,0.11747457832098007,11.184679900004994
535,0.11458694189786911,11.20716769999126
536,0.1347091943025589,11.228148300026078
537,0.10492343455553055,11.24801139999181
538,0.10775311291217804,11.267898300022352
539,0.12916070222854614,11.288456699985545
540,0.11048322170972824,11.308004399994388
541,0.11616314202547073,11.327031599998008
542,0.11982908099889755,11.347784299985506
543,0.11230345070362091,11.367906300001778
544,0.11866974830627441,11.390628200024366
545,0.12990541756153107,11.412446000031196
546,0.10412788391113281,11.432820899994113
547,0.10560289770364761,11.449676399992313
548,0.11892593652009964,11.46718650002731
549,0.10517261177301407,11.485960200021509
550,0.09977910667657852,11.506559200002812
551,0.11723561584949493,11.526275000011083
552,0.10660342127084732,11.543756500002928
553,0.11022880673408508,11.562972499988973
554,0.10878313332796097,11.580901300010737
555,0.10509826242923737,11.600415199995041
556,0.11558757722377777,11.62337970000226
557,0.10541593283414841,11.644980699988082
558,0.10808664560317993,11.666062200034503
559,0.10539872199296951,11.68542090000119
560,0.10568702220916748,11.70558120001806
561,0.1102723553776741,11.72537800000282
562,0.12447717040777206,11.7454472000245
563,0.10840100795030594,11.765317099983804
564,0.09899620711803436,11.78614280000329
565,0.10001224279403687,11.80712329997914
566,0.09909989684820175,11.8295999999973
567,0.10171887278556824,11.847495800000615
568,0.10353776812553406,11.868110399984289
569,0.10146873444318771,11.888764400035143
570,0.10837402939796448,11.910609900020063
571,0.10177189111709595,11.93101729999762
572,0.10827253758907318,11.950408999982756
573,0.11622190475463867,11.971450000011828
574,0.10311402380466461,11.991987399989739
575,0.0948716253042221,12.010849400016014
576,0.1149701476097107,12.032445700024255
577,0.11422041803598404,12.05299080000259
578,0.1035187840461731,12.073710200027563
579,0.1098150983452797,12.093136999988928
580,0.10584762692451477,12.114252700004727
581,0.10848493874073029,12.13499839999713
582,0.12721146643161774,12.152806200028863
583,0.10450541228055954,12.172210199991241
584,0.09365279227495193,12.194735900033265
585,0.09927298873662949,12.216687700012699
586,0.10477841645479202,12.24042600003304
587,0.08942727744579315,12.261438800022006
588,0.11903515458106995,12.282309400034137
589,0.11452248692512512,12.30149420001544
590,0.10846059769392014,12.320900699996855
591,0.09944543987512589,12.338801499980036
592,0.10817810893058777,12.358647299988661
593,0.10579729825258255,12.379885700007435
594,0.09135952591896057,12.400419200013857
595,0.11315752565860748,12.420378800015897
596,0.11073125898838043,12.442707600013819
597,0.09370674192905426,12.46396600001026
598,0.11292527616024017,12.484620200004429
599,0.09435494244098663,12.50541520002298
600,0.09702789038419724,12.525846700009424
601,0.11070797592401505,12.546961900021415
602,0.09594883769750595,12.568768199998885
603,0.10114549845457077,12.589358100027312
604,0.09779734909534454,12.609770799987018
605,0.09637043625116348,12.631359299994074
606,0.10018990188837051,12.655110899999272
607,0.10091035813093185,12.676830500015058
608,0.08967935293912888,12.698164900008123
609,0.10516943782567978,12.718251699989196
610,0.10512653738260269,12.73970430000918
611,0.09890422970056534,12.760051399993245
612,0.09517316520214081,12.780270599992946
613,0.10195997357368469,12.800569900020491
614,0.0948714017868042,12.821992699988186
615,0.09837165474891663,12.842673400009517
616,0.11007577180862427,12.866260299982969
617,0.0975254476070404,12.887878799985629
618,0.09769970178604126,12.907919500023127
619,0.0930246040225029,12.92803810001351
620,0.10452962666749954,12.949167600017972
621,0.09478668868541718,12.969273400027305
622,0.09790752828121185,12.990353300003335
623,0.09197450429201126,13.009746800002176
624,0.10097745060920715,13.029600800015032
625,0.0927739366889,13.048566400015261
626,0.10163310170173645,13.068494300008751
627,0.09371069818735123,13.090734500030521
628,0.09788711369037628,13.112397200020496
629,0.09887401014566422,13.129478399991058
630,0.09438717365264893,13.149501300009433
631,0.10104876756668091,13.169715100026224
632,0.09380081295967102,13.191471100028139
633,0.08270895481109619,13.211449900001753
634,0.09431881457567215,13.230800200020894
635,0.09544672816991806,13.250816599989776
636,0.0880255326628685,13.272322100005113
637,0.08856787532567978,13.294979099999182
638,0.0984385535120964,13.316227499977686
639,0.09607073664665222,13.337750000006054
640,0.08791433274745941,13.35949459997937
641,0.09573963284492493,13.38053810002748
642,0.08744630962610245,13.401864100014791
643,0.08735239505767822,13.423079800035339
644,0.08900458365678787,13.443788599979598
645,0.0868815928697586,13.463329799997155
646,0.09425966441631317,13.483899499988183
647,0.09416685998439789,13.506793799984735
648,0.083500437438488,13.527398100006394
649,0.08481235802173615,13.547787600022275
650,0.09003417938947678,13.568578100006562
651,0.09382914751768112,13.58933360001538
652,0.09497495740652084,13.60698769998271
653,0.09221692383289337,13.626708400028292
654,0.08584029227495193,13.647065600031056
655,0.09184060245752335,13.665681699989364
656,0.08189938962459564,13.68364579998888
657,0.08317121863365173,13.70160929998383
658,0.08317737281322479,13.723239300015848
659,0.07819497585296631,13.743514899979346
660,0.09176605194807053,13.763922800018918
661,0.0926816463470459,13.78533049998805
662,0.08566798269748688,13.805926900007762
663,0.08621794730424881,13.827237499994226
664,0.08606582880020142,13.847317499981727
665,0.07776301354169846,13.868264999997336
666,0.0848364382982254,13.888824800029397
667,0.08557309210300446,13.905745399999432
668,0.08539382368326187,13.925165200023912
669,0.08249268680810928,13.947149200015701
670,0.08363980799913406,13.967034300032537
671,0.09336334466934204,13.986889099993277
672,0.07523396611213684,14.007251500035636
673,0.08897407352924347,14.02611670002807
674,0.07899917662143707,14.042756400012877
675,0.07606041431427002,14.060665299999528
676,0.09009584784507751,14.081196899991482
677,0.07851777970790863,14.10143490001792
678,0.08609862625598907,14.122309600003064
679,0.07467637211084366,14.144155899994075
680,0.07753092050552368,14.166097500012256
681,0.08086270838975906,14.18712030001916
682,0.0857723280787468,14.20810360001633
683,0.08038543909788132,14.228135599987581
684,0.0792781189084053,14.248017599980813
685,0.07676495611667633,14.268913900014013
686,0.08047793060541153,14.289825899992138
687,0.07432600110769272,14.309382200008258
688,0.07448996603488922,14.328496600035578
689,0.07436230778694153,14.348091099993326
690,0.0724276602268219,14.37137360003544
691,0.07911281287670135,14.392649299988989
692,0.07772743701934814,14.412700399989262
693,0.07701528072357178,14.429836000024807
694,0.07145719230175018,14.449642700026743
695,0.07104203850030899,14.470315499987919
696,0.07921890169382095,14.491182600031607
697,0.0758797749876976,14.510701599996537
698,0.07730649411678314,14.529874800005928
699,0.07410628348588943,14.549598900019191
700,0.06942996382713318,14.573918299982324
701,0.07828553020954132,14.594893799978308
702,0.07031514495611191,14.617262899992056
703,0.07413028180599213,14.637103100016247
704,0.085069939494133,14.658020100032445
705,0.07826334983110428,14.678880900028162
706,0.08426886796951294,14.700284900027327
707,0.08583991229534149,14.719845800020266
708,0.06531298160552979,14.740806300018448
709,0.08655700832605362,14.76129380002385
710,0.07971612364053726,14.785387200012337
711,0.07280894368886948,14.806443399982527
712,0.0692446157336235,14.82635340001434
713,0.07016962021589279,14.844049500010442
714,0.08149366080760956,14.862604000023566
715,0.07427892088890076,14.883823000011034
716,0.07874425500631332,14.903993599989917
717,0.07817025482654572,14.925233900023159
718,0.0683450922369957,14.944422999978997
719,0.07236521691083908,14.965564600017387
720,0.07530156522989273,14.988279699988198
721,0.07775934040546417,15.008110299997497
722,0.08090300112962723,15.027138000004925
723,0.07774047553539276,15.046943499997724
724,0.08757663518190384,15.06828070001211
725,0.07535547763109207,15.089926399989054
726,0.08453191071748734,15.110182699980214
727,0.07227364927530289,15.131959300022572
728,0.07075235992670059,15.152194700029213
729,0.08348391950130463,15.170872799993958
730,0.0681372582912445,15.190020599984564
731,0.06651890277862549,15.210683499986771
732,0.0735013410449028,15.23184590000892
733,0.07019634544849396,15.252412799978629
734,0.06858701258897781,15.274137000029441
735,0.07083456963300705,15.295036900031846
736,0.07771891355514526,15.31708870001603
737,0.07853652536869049,15.336896900029387
738,0.07670418918132782,15.356055399985053
739,0.07133789360523224,15.377161999989767
740,0.06457672268152237,15.401445200026501
741,0.07296629250049591,15.421650200034492
742,0.08138179033994675,15.442642299982253
743,0.06905941665172577,15.462612300005276
744,0.07419131696224213,15.481894000025932
745,0.08038298785686493,15.502433400019072
746,0.07493619620800018,15.523235000029672
747,0.07066543400287628,15.54324379999889
748,0.07724487036466599,15.563901800021995
749,0.0759945809841156,15.58455780002987
750,0.07781482487916946,15.6074669000227
751,0.06630947440862656,15.628600500000175
752,0.07884257286787033,15.648297399980947
753,0.06360951066017151,15.66601869999431
754,0.07077860832214355,15.687804399989545
755,0.06850507110357285,15.708858800004236
756,0.06552113592624664,15.728773300012108
757,0.06945467740297318,15.749168800015468
758,0.06349433213472366,15.770459300023504
759,0.06502248346805573,15.78994230000535
760,0.0675075426697731,15.812740700028371
761,0.060072120279073715,15.830732300004456
762,0.06487179547548294,15.850927499996033
763,0.07049687951803207,15.870287300029304
764,0.08662232011556625,15.890500799985602
765,0.07158256322145462,15.910954400023911
766,0.07040053606033325,15.93142059998354
767,0.06350543349981308,15.951601399981882
768,0.06629366427659988,15.97192310000537
769,0.06943529099225998,15.992826799978502
770,0.07488418370485306,16.015772500017192
771,0.0761922225356102,16.035808800021186
772,0.06792936474084854,16.055251299985684
773,0.08063968271017075,16.075741300010122
774,0.06560664623975754,16.096028100000694
775,0.07103456556797028,16.116536599991377
776,0.07463187724351883,16.13605849997839
777,0.06854565441608429,16.154861200018786
778,0.07527799159288406,16.17446920002112
779,0.07222095876932144,16.19483480002964
780,0.07401275634765625,16.215560299984645
781,0.07500680536031723,16.238308600033633
782,0.0837249681353569,16.259607499989215
783,0.06587579101324081,16.280265900015365
784,0.069526806473732,16.302104700007476
785,0.07681887596845627,16.32288300001528
786,0.07885798811912537,16.34289660002105
787,0.06203069910407066,16.36355970002478
788,0.06559474766254425,16.3849470000132
789,0.07460162788629532,16.405150100006722
790,0.07238028198480606,16.424821500026155
791,0.06503340601921082,16.45016820001183
792,0.062331754714250565,16.4709338999819
793,0.0638299286365509,16.488247700035572
794,0.06471272557973862,16.510101500025485
795,0.0670546218752861,16.530612400034443
796,0.06910832971334457,16.54856710002059
797,0.06907521933317184,16.56571160000749
798,0.07352707535028458,16.58551400003489
799,0.06665902584791183,16.605701100022998
800,0.0693192407488823,16.626742299995385
801,0.0603213794529438,16.64400570001453
802,0.06620261073112488,16.667142699996475
803,0.06590725481510162,16.68786770000588
804,0.06052617356181145,16.708665999991354
805,0.06605250388383865,16.728510899993125
806,0.0604410320520401,16.749099500011653
807,0.0652964636683464,16.77043929998763
808,0.08922076970338821,16.791041399992537
809,0.05802631750702858,16.81175330001861
810,0.06550740450620651,16.83233740000287
811,0.063363216817379,16.852581200015265
812,0.06458388268947601,16.8752608000068
813,0.06972136348485947,16.896036899997853
814,0.05112354829907417,16.915602200024296
815,0.06731484830379486,16.935567800013814
816,0.06573677062988281,16.956602299993392
817,0.06320754438638687,16.97686190000968
818,0.06311650574207306,16.995731200033333
819,0.06356807798147202,17.01454320002813
820,0.055190183222293854,17.03432979999343
821,0.05504249408841133,17.054190700000618
822,0.057575784623622894,17.07335580000654
823,0.05895565450191498,17.09668449999299
824,0.07587923109531403,17.118336700019427
825,0.05378269404172897,17.13849460001802
826,0.060649167746305466,17.159178900008556
827,0.06671922653913498,17.17985509999562
828,0.05699986591935158,17.199403400009032
829,0.07208087295293808,17.218931899988092
830,0.058120518922805786,17.239575000014156
831,0.06016471982002258,17.258077599981334
832,0.06770072877407074,17.27898090000963
833,0.06810424476861954,17.299278700025752
834,0.06579671800136566,17.31811310001649
835,0.055228255689144135,17.338119200023357
836,0.06916526705026627,17.35830670001451
837,0.062033720314502716,17.378994600032456
838,0.07686544954776764,17.400346799986437
839,0.0643986314535141,17.41973840002902
840,0.06490708142518997,17.44079900003271
841,0.06262677907943726,17.457381099986378
842,0.07606443762779236,17.478908999997657
843,0.06281249970197678,17.499125300033484
844,0.05791720375418663,17.520413600024767
845,0.06667838245630264,17.542263399984222
846,0.06245414540171623,17.562561900005676
847,0.06343342363834381,17.583994499989785
848,0.056038010865449905,17.60540040000342
849,0.06146986782550812,17.627088500012178
850,0.06172991544008255,17.647648599988315
851,0.07229360193014145,17.66689170000609
852,0.06524583697319031,17.687015999981668
853,0.0652274563908577,17.708012600021902
854,0.062491368502378464,17.728251499996986
855,0.06673634052276611,17.74963730003219
856,0.06437418609857559,17.771924800006673
857,0.05899173393845558,17.792942100029904
858,0.056313056498765945,17.81327310000779
859,0.056066617369651794,17.83400700002676
860,0.05088905617594719,17.855151500029024
861,0.057631488889455795,17.875799300032668
862,0.060993459075689316,17.89651510003023
863,0.06183897331357002,17.915890700009186
864,0.058316346257925034,17.934860999986995
865,0.06648609787225723,17.95720220002113
866,0.061578016728162766,17.97764699999243
867,0.05447471886873245,17.99855469999602
868,0.0649438425898552,18.018929000012577
869,0.06048282980918884,18.037827100022696
870,0.05736821889877319,18.057287300005555
871,0.05742193013429642,18.07784400001401
872,0.06333284080028534,18.09759999997914
873,0.0621393583714962,18.118063000030816
874,0.05466780811548233,18.137673999997787
875,0.0564747117459774,18.16077120002592
876,0.050196968019008636,18.182247399992775
877,0.061196666210889816,18.202028800034896
878,0.06532628834247589,18.22198179998668
879,0.056173358112573624,18.241751299996395
880,0.06356058269739151,18.261889300018083
881,0.05967864766716957,18.279521199990995
882,0.05344448238611221,18.298210299981292
883,0.052701763808727264,18.319377599982545
884,0.06023389846086502,18.337814400030766
885,0.057483430951833725,18.355993299977854
886,0.06327717751264572,18.37800279998919
887,0.05441940575838089,18.399807400011923
888,0.05630426108837128,18.419672399992123
889,0.06534323841333389,18.439579300000332
890,0.059332333505153656,18.457949700008612
891,0.05406138300895691,18.479298899997957
892,0.05712142586708069,18.499499200028367
893,0.05851399898529053,18.52085020003142
894,0.05255088210105896,18.541998000000603
895,0.05702023580670357,18.563922200002708
896,0.055145263671875,18.587252600002103
897,0.0544530525803566,18.608724599995185
898,0.057737816125154495,18.62969630002044
899,0.0548604279756546,18.65058269997826
900,0.05970294401049614,18.670061899989378
901,0.05877041071653366,18.687208299990743
902,0.05455862730741501,18.708081500022672
903,0.054467830806970596,18.72879229998216
904,0.047140851616859436,18.74903569999151
905,0.04978557303547859,18.76917650003452
906,0.0566922165453434,18.792402099992614
907,0.05493280664086342,18.812740900029894
908,0.053299013525247574,18.83369160001166
909,0.05434771627187729,18.853682700020727
910,0.04508611559867859,18.8738805000321
911,0.05719056725502014,18.89537530002417
912,0.060300908982753754,18.915630700008478
913,0.0540718175470829,18.935987500008196
914,0.04596507176756859,18.95613390003564
915,0.056055523455142975,18.977374900016002
916,0.05817074701189995,18.999874700035434
917,0.056406985968351364,19.021000800014008
918,0.05776895582675934,19.04104829998687
919,0.0501539446413517,19.060124700015876
920,0.05893788859248161,19.081895200011786
921,0.052194252610206604,19.1025066000293
922,0.0455346554517746,19.122377399995457
923,0.047562118619680405,19.142571999982465
924,0.052466943860054016,19.16408220003359
925,0.055939313024282455,19.18524979997892
926,0.053255219012498856,19.209446199995
927,0.053435198962688446,19.23087289999239
928,0.05589142441749573,19.25075820001075
929,0.05305463820695877,19.27244359999895
930,0.04554010182619095,19.293852200033143
931,0.05184533819556236,19.315844000026118
932,0.06000589206814766,19.33665359998122
933,0.05492811277508736,19.35582950001117
934,0.05221859738230705,19.376738200022373
935,0.04543272778391838,19.397816699987743
936,0.05202903226017952,19.420567099994514
937,0.05235925316810608,19.443404500023462
938,0.05740509554743767,19.464730000006966
939,0.05444258823990822,19.485690400004387
940,0.05651392415165901,19.5063106000307
941,0.0538797564804554,19.5262315000291
942,0.06417279690504074,19.54603919998044
943,0.05528249964118004,19.565859300026204
944,0.03686802461743355,19.58663069998147
945,0.051227882504463196,19.60593170003267
946,0.06055441126227379,19.62958350003464
947,0.04986076056957245,19.650434100010898
948,0.05108591914176941,19.671097700018436
949,0.04131518676877022,19.691958200011868
950,0.04225831851363182,19.711591300030705
951,0.052608050405979156,19.729043500032276
952,0.0520370751619339,19.747339499997906
953,0.06827330589294434,19.768877000024077
954,0.05417449399828911,19.789855399983935
955,0.05014927685260773,19.809715699986555
956,0.050892870873212814,19.827258899982553
957,0.04534738510847092,19.849372500029858
958,0.048831354826688766,19.870362200017553
959,0.05176380276679993,19.889702400017995
960,0.049020085483789444,19.909772199986037
961,0.0522497184574604,19.930227599979844
962,0.04688600078225136,19.94921470002737
963,0.055981650948524475,19.969430800003465
964,0.04521125182509422,19.99014090001583
965,0.05915320664644241,20.010206000006292
966,0.055686917155981064,20.03015330003109
967,0.05104180797934532,20.054444100009277
968,0.05021682009100914,20.075933400017675
969,0.05560138449072838,20.09647910000058
970,0.05124586075544357,20.118069700023625
971,0.0507899671792984,20.13881770003354
972,0.05250266194343567,20.159267499984708
973,0.054868102073669434,20.1801306999987
974,0.053001075983047485,20.20128710003337
975,0.0537906251847744,20.22172099997988
976,0.05273796617984772,20.24266859999625
977,0.05543466657400131,20.265181900002062
978,0.0582764558494091,20.286668999993708
979,0.05969039350748062,20.30726199998753
980,0.04611093923449516,20.326909800001886
981,0.05585305392742157,20.347746499988716
982,0.061338022351264954,20.368752099981066
983,0.057638414204120636,20.389046200027224
984,0.056959908455610275,20.409422299999278
985,0.06140422075986862,20.428499500034377
986,0.06144644320011139,20.44880120002199
987,0.0590224452316761,20.47359469998628
988,0.05654120072722435,20.495115700003225
989,0.04856414720416069,20.514970500022173
990,0.060153618454933167,20.535331799997948
991,0.058451466262340546,20.555888600007165
992,0.05084336921572685,20.577119100023992
993,0.056150779128074646,20.59804549999535
994,0.06032121181488037,20.619521700020414
995,0.060162756592035294,20.639523099991493
996,0.048028163611888885,20.660412100027315
997,0.054056763648986816,20.681016299990006
998,0.0529407374560833,20.699158800009172
999,0.05810254439711571,20.718730100023095
1000,0.05017784982919693,20.739345300011337
